TMEM127,76C>T,Likely pathogenic,Clinvar,,,classified by single submitter
TMEM127,475C>T,Likely pathogenic,Clinvar,,,classified by single submitter
TMEM127,447G>A,Likely pathogenic,Clinvar,,,classified by single submitter
TMEM127,419G>A,Likely pathogenic,Clinvar,,,classified by single submitter
TMEM127,418T>C,Likely pathogenic,Clinvar,,,classified by single submitter
TMEM127,410-2A>C,Likely pathogenic,Clinvar,,,classified by single submitter
TMEM127,409+1G>T,Likely pathogenic,Clinvar,,,classified by single submitter
TMEM127,3G>T,Likely pathogenic,Clinvar,,,classified by single submitter
TMEM127,280C>T,Likely pathogenic,Clinvar,,,classified by single submitter
TMEM127,265_268delACAG,Likely pathogenic,Clinvar,,,classified by single submitter
TMEM127,245-1G>T,Likely pathogenic,Clinvar,,,classified by single submitter
TMEM127,217G>C,Likely pathogenic,Clinvar,,,classified by single submitter
TMEM127,208G>A,Likely pathogenic,Clinvar,,,classified by single submitter
TMEM127,158G>C,Likely pathogenic,Clinvar,,,classified by single submitter
TMEM127,149_150insA,Likely pathogenic,Clinvar,,,classified by single submitter
TMEM127,116_119delTGTC,Likely pathogenic,Clinvar,,,classified by single submitter
TMEM127,-18C>T,Likely pathogenic,Clinvar,,,classified by single submitter
TMEM127,621G>A,Benign,Clinvar,,,classified by single submitter
TMEM127,149_150insA,risk factor,Clinvar,,,classified by single submitter
TMEM127,245-1G>T,risk factor,Clinvar,,,classified by single submitter
TMEM127,475C>T,risk factor,Clinvar,,,classified by single submitter
TMEM127,410-2A>C,risk factor,Clinvar,,,classified by single submitter
TMEM127,627_640dupGCTGCTCTCAGAGA,Likely pathogenic,Clinvar,,,classified by single submitter
MITF,711-1115C>A,Uncertain significance,Clinvar,,,classified by single submitter
MITF,-52-56165G>A,Uncertain significance,Clinvar,,,classified by single submitter
MITF,952G>A,risk factor,Clinvar,,,classified by single submitter
MITF,1195T>C,Pathogenic,Clinvar,,,classified by single submitter
MITF,943C>T,Pathogenic,Clinvar,,,classified by single submitter
MITF,933C>G,Pathogenic,Clinvar,,,classified by single submitter
MITF,1051T>C,Pathogenic,Clinvar,,,classified by single submitter
SDHD,480A>G,not provided,Clinvar,,,not classified by submitter
SDHD,255G>T,not provided,Clinvar,,,not classified by submitter
SDHD,278A>G,not provided,Clinvar,,,not classified by submitter
SDHD,101T>G,not provided,Clinvar,,,not classified by submitter
SDHD,149A>G,not provided,Clinvar,,,not classified by submitter
SDHD,34G>A,not provided,Clinvar,,,not classified by submitter
SDHD,204C>T,Benign,Clinvar,,,classified by single submitter
SDHD,400T>G,Uncertain significance,Clinvar,,,classified by single submitter
SDHD,34G>A,Benign,Clinvar,,,classified by single submitter
SDHD,149A>G,Uncertain significance,Clinvar,,,classified by single submitter
SDHD,149A>G,Pathogenic,Clinvar,,,classified by single submitter
SDHD,149A>G,other,Clinvar,,,classified by single submitter
SDHD,149A>G,Pathogenic,Clinvar,,,classified by single submitter
SDHD,242C>T,Pathogenic,Clinvar,,,classified by single submitter
SDHD,416T>C,Pathogenic,Clinvar,,,classified by single submitter
SDHD,3G>C,Pathogenic,Clinvar,,,classified by single submitter
SDHD,284T>C,Pathogenic,Clinvar,,,classified by single submitter
SDHD,274G>T,Pathogenic,Clinvar,,,classified by single submitter
SDHD,242C>T,Pathogenic,Clinvar,,,classified by single submitter
SDHD,112C>T,Pathogenic,Clinvar,,,classified by single submitter
SDHD,433C>A,Pathogenic,Clinvar,,,classified by single submitter
SDHD,14G>A,Pathogenic,Clinvar,,,classified by single submitter
SDHD,33C>A,Pathogenic,Clinvar,,,classified by single submitter
SDHD,129G>A,Pathogenic,Clinvar,,,classified by single submitter
SDHD,1A>G,other,Clinvar,,,classified by single submitter
SDHD,149A>G,Pathogenic,Clinvar,,,classified by single submitter
SDHD,-1131_-1130delGA,Pathogenic,Clinvar,,,classified by single submitter
SDHD,416T>C,Pathogenic,Clinvar,,,classified by single submitter
SDHD,3G>C,Pathogenic,Clinvar,,,classified by single submitter
SDHD,277_279delTAT,Pathogenic,Clinvar,,,classified by single submitter
SDHD,191_192delTC,Pathogenic,Clinvar,,,classified by single submitter
SDHD,64C>T,Pathogenic,Clinvar,,,classified by single submitter
SDHD,95C>A,Pathogenic,Clinvar,,,classified by single submitter
SDHD,341A>G,Pathogenic,Clinvar,,,classified by single submitter
SDHD,305A>T,Pathogenic,Clinvar,,,classified by single submitter
SDHD,274G>T,Pathogenic,Clinvar,,,classified by single submitter
SDHD,274G>T,Pathogenic,Clinvar,,,classified by single submitter
SDHD,242C>T,other,Clinvar,,,classified by single submitter
SDHD,242C>T,Pathogenic,Clinvar,,,classified by single submitter
SDHD,34G>A,Pathogenic,Clinvar,,,classified by single submitter
SDHD,34G>A,Pathogenic,Clinvar,,,classified by single submitter
SDHD,34G>A,Pathogenic,Clinvar,,,classified by single submitter
SDHD,34G>A,Pathogenic,Clinvar,,,classified by single submitter
SDHD,112C>T,Pathogenic,Clinvar,,,classified by single submitter
SDHD,112C>T,Pathogenic,Clinvar,,,classified by single submitter
SDHD,106C>T,Pathogenic,Clinvar,,,classified by single submitter
FLCN,959G>A,not provided,Clinvar,,,not classified by submitter
FLCN,1049G>A,not provided,Clinvar,,,not classified by submitter
FLCN,1333G>A,not provided,Clinvar,,,not classified by submitter
FLCN,1198G>A,not provided,Clinvar,,,not classified by submitter
FLCN,1283C>T,not provided,Clinvar,,,not classified by submitter
FLCN,871+16T>A,not provided,Clinvar,,,not classified by submitter
FLCN,871+47G>A,not provided,Clinvar,,,not classified by submitter
FLCN,871+36G>A,not provided,Clinvar,,,not classified by submitter
FLCN,871+121C>T,not provided,Clinvar,,,not classified by submitter
FLCN,871+100C>T,not provided,Clinvar,,,not classified by submitter
FLCN,715C>T,not provided,Clinvar,,,not classified by submitter
FLCN,592G>A,not provided,Clinvar,,,not classified by submitter
FLCN,502C>T,not provided,Clinvar,,,not classified by submitter
FLCN,268G>T,not provided,Clinvar,,,not classified by submitter
FLCN,95G>A,not provided,Clinvar,,,not classified by submitter
FLCN,134C>G,not provided,Clinvar,,,not classified by submitter
FLCN,202A>G,not provided,Clinvar,,,not classified by submitter
FLCN,396+55G>T,not provided,Clinvar,,,not classified by submitter
FLCN,396+59T>C,not provided,Clinvar,,,not classified by submitter
FLCN,-481G>A,Uncertain significance,Clinvar,,,classified by single submitter
FLCN,-468C>A,Uncertain significance,Clinvar,,,classified by single submitter
FLCN,890_893delAAAG,Pathogenic,Clinvar,,,classified by single submitter
FLCN,726A>T,Benign,Clinvar,,,classified by single submitter
FLCN,610_611delGCinsTA,Pathogenic,Clinvar,,,classified by single submitter
FLCN,50G>C,Uncertain significance,Clinvar,,,classified by single submitter
FLCN,397-14C>T,Benign,Clinvar,,,classified by single submitter
FLCN,397-13G>A,Benign,Clinvar,,,classified by single submitter
FLCN,346C>T,Pathogenic,Clinvar,,,classified by single submitter
FLCN,319_320delGTinsCAC,Pathogenic,Clinvar,,,classified by single submitter
FLCN,296delA,Pathogenic,Clinvar,,,classified by single submitter
FLCN,250-2A>G,Pathogenic,Clinvar,,,classified by single submitter
FLCN,1597C>T,Pathogenic,Clinvar,,,classified by single submitter
FLCN,1533G>A,Pathogenic,Clinvar,,,classified by single submitter
FLCN,1522_1524delAAG,Pathogenic,Clinvar,,,classified by single submitter
FLCN,1433-2A>G,Pathogenic,Clinvar,,,classified by single submitter
FLCN,1305delT,Pathogenic,Clinvar,,,classified by single submitter
FLCN,1285delC,Pathogenic,Clinvar,,,classified by single submitter
FLCN,1233G>A,Benign,Clinvar,,,classified by single submitter
FLCN,1179delC,Pathogenic,Clinvar,,,classified by single submitter
FLCN,1149C>T,Uncertain significance,Clinvar,,,classified by single submitter
FLCN,1117C>T,Pathogenic,Clinvar,,,classified by single submitter
FLCN,1062+6C>T,Benign,Clinvar,,,classified by single submitter
FLCN,1060C>T,Pathogenic,Clinvar,,,classified by single submitter
FLCN,1332C>T,not provided,Clinvar,,,not classified by submitter
FLCN,97G>C,Uncertain significance,Clinvar,,,classified by single submitter
FLCN,871+36G>A,Benign,Clinvar,,,classified by single submitter
FLCN,871+16T>A,Uncertain significance,Clinvar,,,classified by single submitter
FLCN,396+59T>C,Benign,Clinvar,,,classified by single submitter
FLCN,236C>G,other,Clinvar,,,classified by single submitter
FLCN,1389C>G,Pathogenic,Clinvar,,,classified by single submitter
FLCN,1285delC,Pathogenic,Clinvar,,,classified by multiple submitters
FLCN,1285dupC,Pathogenic,Clinvar,,,classified by single submitter
FLCN,959G>A,Uncertain significance,Clinvar,,,classified by single submitter
FLCN,871+47G>A,Uncertain significance,Clinvar,,,classified by single submitter
FLCN,586A>G,Uncertain significance,Clinvar,,,classified by single submitter
FLCN,268G>T,Uncertain significance,Clinvar,,,classified by single submitter
FLCN,1523A>G,Uncertain significance,Clinvar,,,classified by single submitter
FLCN,1333G>A,Uncertain significance,Clinvar,,,classified by single submitter
FLCN,1333G>A,other,Clinvar,,,classified by single submitter
FLCN,1285dupC,Pathogenic,Clinvar,,,classified by single submitter
FLCN,1285dupC,Pathogenic,Clinvar,,,classified by multiple submitters
FLCN,83dupC,Pathogenic,Clinvar,,,classified by single submitter
FLCN,1203dupC,Pathogenic,Clinvar,,,classified by single submitter
FLCN,1198G>T,Uncertain significance,Clinvar,,,classified by single submitter
FLCN,927_954dup28,Pathogenic,Clinvar,,,classified by single submitter
FLCN,828_829dupTG,Pathogenic,Clinvar,,,classified by single submitter
FLCN,1539-16_1539-12delTTTTG,Uncertain significance,Clinvar,,,classified by single submitter
SDHAF2,97C>T,Uncertain significance,Clinvar,,,classified by single submitter
SDHAF2,52A>G,Uncertain significance,Clinvar,,,classified by single submitter
SDHAF2,232G>A,Pathogenic,Clinvar,,,classified by multiple submitters
SDHC,148C>T,not provided,Clinvar,,,not classified by submitter
SDHC,479G>A,not provided,Clinvar,,,not classified by submitter
SDHC,20+11_20+12dupTG,Likely benign,Clinvar,,,classified by single submitter
SDHC,43C>T,Pathogenic,Clinvar,,,classified by single submitter
SDHC,398G>A,Uncertain significance,Clinvar,,,classified by single submitter
SDHC,341A>T,Benign,Clinvar,,,classified by single submitter
SDHA,891T>C,Benign,Clinvar,,,classified by single submitter
SDHA,684T>C,Benign,Clinvar,,,classified by single submitter
SDHA,619A>C,Benign,Clinvar,,,classified by single submitter
SDHA,309A>G,Benign,Clinvar,,,classified by single submitter
SDHA,1969G>A,Benign,Clinvar,,,classified by single submitter
SDHA,1932G>A,Benign,Clinvar,,,classified by single submitter
SDHA,1752A>G,Benign,Clinvar,,,classified by single submitter
SDHA,1680G>A,Benign,Clinvar,,,classified by single submitter
SDHA,1664-8G>A,Benign,Clinvar,,,classified by single submitter
SDHA,1170C>T,Benign,Clinvar,,,classified by single submitter
SDHA,1038C>G,Benign,Clinvar,,,classified by single submitter
SDHA,1526C>T,Pathogenic,Clinvar,,,classified by single submitter
SDHA,1523C>T,Pathogenic,Clinvar,,,classified by single submitter
SDHA,1765C>T,Pathogenic,Clinvar,,,classified by single submitter
SDHA,1664G>A,Pathogenic,Clinvar,,,classified by single submitter
SDHA,1664G>A,Pathogenic,Clinvar,,,classified by single submitter
SDHA,1664G>A,Pathogenic,Clinvar,,,classified by single submitter
SDHA,1A>C,Pathogenic,Clinvar,,,classified by single submitter
SDHA,1571C>T,Pathogenic,Clinvar,,,classified by single submitter
SDHA,1660C>T,Pathogenic,Clinvar,,,classified by single submitter
TSC1,1001C>T,not provided,Clinvar,,,not classified by submitter
TSC1,853T>G,not provided,Clinvar,,,not classified by submitter
TSC1,532G>A,not provided,Clinvar,,,not classified by submitter
TSC1,3169G>A,not provided,Clinvar,,,not classified by submitter
TSC1,3103G>A,not provided,Clinvar,,,not classified by submitter
TSC1,3140C>T,not provided,Clinvar,,,not classified by submitter
TSC1,2221A>C,not provided,Clinvar,,,not classified by submitter
TSC1,1526G>A,not provided,Clinvar,,,not classified by submitter
TSC1,1921C>T,not provided,Clinvar,,,not classified by submitter
TSC1,1342C>T,not provided,Clinvar,,,not classified by submitter
TSC1,1369A>C,not provided,Clinvar,,,not classified by submitter
TSC1,1208C>T,not provided,Clinvar,,,not classified by submitter
TSC1,1079C>A,not provided,Clinvar,,,not classified by submitter
TSC1,346T>G,not provided,Clinvar,,,not classified by submitter
TSC1,250G>A,not provided,Clinvar,,,not classified by submitter
TSC1,1029+34C>G,not provided,Clinvar,,,not classified by submitter
TSC1,1263+88A>G,not provided,Clinvar,,,not classified by submitter
TSC1,965T>C,Benign,Clinvar,,,classified by single submitter
TSC1,3324C>T,Benign,Clinvar,,,classified by single submitter
TSC1,2829C>T,Benign,Clinvar,,,classified by single submitter
TSC1,2194C>T,Likely benign,Clinvar,,,classified by single submitter
TSC1,1760A>G,Benign,Clinvar,,,classified by single submitter
TSC1,1335A>G,Benign,Clinvar,,,classified by single submitter
TSC1,1382G>A,not provided,Clinvar,,,not classified by submitter
TSC1,1700C>T,not provided,Clinvar,,,not classified by submitter
TSC1,2776C>T,not provided,Clinvar,,,not classified by submitter
TSC1,2226A>G,not provided,Clinvar,,,not classified by submitter
TSC1,1525C>T,not provided,Clinvar,,,not classified by submitter
TSC1,1503delA,not provided,Clinvar,,,not classified by submitter
TSC1,473T>C,not provided,Clinvar,,,not classified by submitter
TSC1,737+1G>T,not provided,Clinvar,,,not classified by submitter
TSC1,2672delA,not provided,Clinvar,,,not classified by submitter
TSC1,2485A>T,not provided,Clinvar,,,not classified by submitter
TSC1,2128C>T,not provided,Clinvar,,,not classified by submitter
TSC1,276_277insAA,not provided,Clinvar,,,not classified by submitter
TSC1,2749G>C,not provided,Clinvar,,,not classified by submitter
TSC1,814G>T,not provided,Clinvar,,,not classified by submitter
TSC1,2698C>T,not provided,Clinvar,,,not classified by submitter
TSC1,989delT,not provided,Clinvar,,,not classified by submitter
TSC1,2046_2047delTC,not provided,Clinvar,,,not classified by submitter
TSC1,866C>G,not provided,Clinvar,,,not classified by submitter
TSC1,2976-18T>C,not provided,Clinvar,,,not classified by submitter
TSC1,2582delT,not provided,Clinvar,,,not classified by submitter
TSC1,542A>C,not provided,Clinvar,,,not classified by submitter
TSC1,1084C>T,not provided,Clinvar,,,not classified by submitter
TSC1,1726T>C,not provided,Clinvar,,,not classified by submitter
TSC1,1922C>A,not provided,Clinvar,,,not classified by submitter
TSC1,2389C>T,not provided,Clinvar,,,not classified by submitter
TSC1,146delA,not provided,Clinvar,,,not classified by submitter
TSC1,1997+17C>G,not provided,Clinvar,,,not classified by submitter
TSC1,2932C>G,not provided,Clinvar,,,not classified by submitter
TSC1,1757_1768delGTAAAATTCCACinsCA,not provided,Clinvar,,,not classified by submitter
TSC1,1439-2A>T,not provided,Clinvar,,,not classified by submitter
TSC1,1368A>C,not provided,Clinvar,,,not classified by submitter
TSC1,2342_2343insAA,not provided,Clinvar,,,not classified by submitter
TSC1,1849C>G,not provided,Clinvar,,,not classified by submitter
TSC1,1007_1016delGGCTGATAAC,not provided,Clinvar,,,not classified by submitter
TSC1,1343C>T,not provided,Clinvar,,,not classified by submitter
TSC1,3303G>A,not provided,Clinvar,,,not classified by submitter
TSC1,2626-1G>A,not provided,Clinvar,,,not classified by submitter
TSC1,891T>G,not provided,Clinvar,,,not classified by submitter
TSC1,1759A>T,not provided,Clinvar,,,not classified by submitter
TSC1,2781_2784delGAAA,not provided,Clinvar,,,not classified by submitter
TSC1,376G>A,not provided,Clinvar,,,not classified by submitter
TSC1,2041+1G>A,not provided,Clinvar,,,not classified by submitter
TSC1,1231C>A,not provided,Clinvar,,,not classified by submitter
TSC1,2106delAinsGT,not provided,Clinvar,,,not classified by submitter
TSC1,624delT,not provided,Clinvar,,,not classified by submitter
TSC1,1579C>T,not provided,Clinvar,,,not classified by submitter
TSC1,648delT,not provided,Clinvar,,,not classified by submitter
TSC1,611G>C,not provided,Clinvar,,,not classified by submitter
TSC1,663+10A>C,not provided,Clinvar,,,not classified by submitter
TSC1,1166delG,not provided,Clinvar,,,not classified by submitter
TSC1,163C>T,not provided,Clinvar,,,not classified by submitter
TSC1,3147G>C,not provided,Clinvar,,,not classified by submitter
TSC1,658G>T,not provided,Clinvar,,,not classified by submitter
TSC1,1664delT,not provided,Clinvar,,,not classified by submitter
TSC1,2657_2658delAA,not provided,Clinvar,,,not classified by submitter
TSC1,921T>C,not provided,Clinvar,,,not classified by submitter
TSC1,2523C>T,not provided,Clinvar,,,not classified by submitter
TSC1,738-20A>G,not provided,Clinvar,,,not classified by submitter
TSC1,1535_1536delTC,not provided,Clinvar,,,not classified by submitter
TSC1,2392-1G>A,not provided,Clinvar,,,not classified by submitter
TSC1,2191G>T,not provided,Clinvar,,,not classified by submitter
TSC1,1141+1G>T,not provided,Clinvar,,,not classified by submitter
TSC1,1680_1702del23,not provided,Clinvar,,,not classified by submitter
TSC1,211-1G>T,not provided,Clinvar,,,not classified by submitter
TSC1,712A>T,not provided,Clinvar,,,not classified by submitter
TSC1,1876G>T,not provided,Clinvar,,,not classified by submitter
TSC1,2431C>G,not provided,Clinvar,,,not classified by submitter
TSC1,1439-25C>A,not provided,Clinvar,,,not classified by submitter
TSC1,3127_3129delAGC,not provided,Clinvar,,,not classified by submitter
TSC1,1766delC,not provided,Clinvar,,,not classified by submitter
TSC1,182T>G,not provided,Clinvar,,,not classified by submitter
TSC1,1572C>G,not provided,Clinvar,,,not classified by submitter
TSC1,231C>T,not provided,Clinvar,,,not classified by submitter
TSC1,1007G>A,not provided,Clinvar,,,not classified by submitter
TSC1,915G>A,not provided,Clinvar,,,not classified by submitter
TSC1,966G>A,not provided,Clinvar,,,not classified by submitter
TSC1,3436G>T,not provided,Clinvar,,,not classified by submitter
TSC1,2652T>A,not provided,Clinvar,,,not classified by submitter
TSC1,1439-1G>A,not provided,Clinvar,,,not classified by submitter
TSC1,2093T>G,not provided,Clinvar,,,not classified by submitter
TSC1,1907_1908delAG,not provided,Clinvar,,,not classified by submitter
TSC1,508+1G>A,not provided,Clinvar,,,not classified by submitter
TSC1,2080C>T,not provided,Clinvar,,,not classified by submitter
TSC1,1911delA,not provided,Clinvar,,,not classified by submitter
TSC1,2478G>C,not provided,Clinvar,,,not classified by submitter
TSC1,2077G>C,not provided,Clinvar,,,not classified by submitter
TSC1,2050_2052delCCT,not provided,Clinvar,,,not classified by submitter
TSC1,1366_1367delCT,not provided,Clinvar,,,not classified by submitter
TSC1,1452delA,not provided,Clinvar,,,not classified by submitter
TSC1,1884_1905del22,not provided,Clinvar,,,not classified by submitter
TSC1,324_325delTC,not provided,Clinvar,,,not classified by submitter
TSC1,530delT,not provided,Clinvar,,,not classified by submitter
TSC1,1964delA,not provided,Clinvar,,,not classified by submitter
TSC1,1249delA,not provided,Clinvar,,,not classified by submitter
TSC1,2101_2107delCAGTTAC,not provided,Clinvar,,,not classified by submitter
TSC1,-129A>T,not provided,Clinvar,,,not classified by submitter
TSC1,2080C>T,not provided,Clinvar,,,not classified by submitter
TSC1,2658delA,not provided,Clinvar,,,not classified by submitter
TSC1,2074C>T,not provided,Clinvar,,,not classified by submitter
TSC1,395G>A,not provided,Clinvar,,,not classified by submitter
TSC1,2272C>T,not provided,Clinvar,,,not classified by submitter
TSC1,1669delC,not provided,Clinvar,,,not classified by submitter
TSC1,2329delA,not provided,Clinvar,,,not classified by submitter
TSC1,1250delC,not provided,Clinvar,,,not classified by submitter
TSC1,397G>A,not provided,Clinvar,,,not classified by submitter
TSC1,260T>G,not provided,Clinvar,,,not classified by submitter
TSC1,325C>T,not provided,Clinvar,,,not classified by submitter
TSC1,2164A>T,not provided,Clinvar,,,not classified by submitter
TSC1,3103G>A,not provided,Clinvar,,,not classified by submitter
TSC1,1648C>G,not provided,Clinvar,,,not classified by submitter
TSC1,1960C>G,not provided,Clinvar,,,not classified by submitter
TSC1,2696C>G,not provided,Clinvar,,,not classified by submitter
TSC1,994_995insA,not provided,Clinvar,,,not classified by submitter
TSC1,989_990delTG,not provided,Clinvar,,,not classified by submitter
TSC1,988_989delCT,not provided,Clinvar,,,not classified by submitter
TSC1,973C>T,not provided,Clinvar,,,not classified by submitter
TSC1,972G>A,not provided,Clinvar,,,not classified by submitter
TSC1,936C>A,not provided,Clinvar,,,not classified by submitter
TSC1,914-18T>C,not provided,Clinvar,,,not classified by submitter
TSC1,913G>T,not provided,Clinvar,,,not classified by submitter
TSC1,913G>A,not provided,Clinvar,,,not classified by submitter
TSC1,913+1G>A,not provided,Clinvar,,,not classified by submitter
TSC1,912T>G,not provided,Clinvar,,,not classified by submitter
TSC1,901_902delCA,not provided,Clinvar,,,not classified by submitter
TSC1,901C>T,not provided,Clinvar,,,not classified by submitter
TSC1,891T>G,not provided,Clinvar,,,not classified by submitter
TSC1,891T>A,not provided,Clinvar,,,not classified by submitter
TSC1,845C>A,not provided,Clinvar,,,not classified by submitter
TSC1,838C>T,not provided,Clinvar,,,not classified by submitter
TSC1,834_835delTC,not provided,Clinvar,,,not classified by submitter
TSC1,831_832delGT,not provided,Clinvar,,,not classified by submitter
TSC1,830_831delTG,not provided,Clinvar,,,not classified by submitter
TSC1,825T>G,not provided,Clinvar,,,not classified by submitter
TSC1,813T>A,not provided,Clinvar,,,not classified by submitter
TSC1,812_813delAT,not provided,Clinvar,,,not classified by submitter
TSC1,772G>T,not provided,Clinvar,,,not classified by submitter
TSC1,771delC,not provided,Clinvar,,,not classified by submitter
TSC1,749delT,not provided,Clinvar,,,not classified by submitter
TSC1,749T>G,not provided,Clinvar,,,not classified by submitter
TSC1,749T>A,not provided,Clinvar,,,not classified by submitter
TSC1,745delA,not provided,Clinvar,,,not classified by submitter
TSC1,745A>T,not provided,Clinvar,,,not classified by submitter
TSC1,742A>T,not provided,Clinvar,,,not classified by submitter
TSC1,738G>A,not provided,Clinvar,,,not classified by submitter
TSC1,738-2A>G,not provided,Clinvar,,,not classified by submitter
TSC1,737delG,not provided,Clinvar,,,not classified by submitter
TSC1,737G>C,not provided,Clinvar,,,not classified by submitter
TSC1,737G>A,not provided,Clinvar,,,not classified by submitter
TSC1,737+3A>G,not provided,Clinvar,,,not classified by submitter
TSC1,737+1G>A,not provided,Clinvar,,,not classified by submitter
TSC1,733C>T,not provided,Clinvar,,,not classified by submitter
TSC1,732delT,not provided,Clinvar,,,not classified by submitter
TSC1,724C>T,not provided,Clinvar,,,not classified by submitter
TSC1,720_721insA,not provided,Clinvar,,,not classified by submitter
TSC1,70delG,not provided,Clinvar,,,not classified by submitter
TSC1,694delG,not provided,Clinvar,,,not classified by submitter
TSC1,694G>T,not provided,Clinvar,,,not classified by submitter
TSC1,682C>T,not provided,Clinvar,,,not classified by submitter
TSC1,671T>G,not provided,Clinvar,,,not classified by submitter
TSC1,665delC,not provided,Clinvar,,,not classified by submitter
TSC1,664-1G>C,not provided,Clinvar,,,not classified by submitter
TSC1,664-1G>A,not provided,Clinvar,,,not classified by submitter
TSC1,664-15A>G,not provided,Clinvar,,,not classified by submitter
TSC1,663+7T>A,not provided,Clinvar,,,not classified by submitter
TSC1,663+38_663+39insC,not provided,Clinvar,,,not classified by submitter
TSC1,663+1G>A,not provided,Clinvar,,,not classified by submitter
TSC1,647_648delTT,not provided,Clinvar,,,not classified by submitter
TSC1,647T>C,not provided,Clinvar,,,not classified by submitter
TSC1,618T>C,not provided,Clinvar,,,not classified by submitter
TSC1,615T>C,not provided,Clinvar,,,not classified by submitter
TSC1,602_604delCCT,not provided,Clinvar,,,not classified by submitter
TSC1,598G>A,not provided,Clinvar,,,not classified by submitter
TSC1,597_603delCGTCTCC,not provided,Clinvar,,,not classified by submitter
TSC1,593_595delACT,not provided,Clinvar,,,not classified by submitter
TSC1,585C>A,not provided,Clinvar,,,not classified by submitter
TSC1,576T>G,not provided,Clinvar,,,not classified by submitter
TSC1,575delA,not provided,Clinvar,,,not classified by submitter
TSC1,572T>G,not provided,Clinvar,,,not classified by submitter
TSC1,572T>A,not provided,Clinvar,,,not classified by submitter
TSC1,569delG,not provided,Clinvar,,,not classified by submitter
TSC1,569G>C,not provided,Clinvar,,,not classified by submitter
TSC1,568C>T,not provided,Clinvar,,,not classified by submitter
TSC1,563_564delTT,not provided,Clinvar,,,not classified by submitter
TSC1,555C>T,not provided,Clinvar,,,not classified by submitter
TSC1,552G>C,not provided,Clinvar,,,not classified by submitter
TSC1,539T>C,not provided,Clinvar,,,not classified by submitter
TSC1,532G>A,not provided,Clinvar,,,not classified by submitter
TSC1,526_527delTA,not provided,Clinvar,,,not classified by submitter
TSC1,520G>T,not provided,Clinvar,,,not classified by submitter
TSC1,509-15G>A,not provided,Clinvar,,,not classified by submitter
TSC1,508+1G>C,not provided,Clinvar,,,not classified by submitter
TSC1,504delA,not provided,Clinvar,,,not classified by submitter
TSC1,491G>A,not provided,Clinvar,,,not classified by submitter
TSC1,489A>T,not provided,Clinvar,,,not classified by submitter
TSC1,473T>G,not provided,Clinvar,,,not classified by submitter
TSC1,445C>T,not provided,Clinvar,,,not classified by submitter
TSC1,433_434delCA,not provided,Clinvar,,,not classified by submitter
TSC1,433C>T,not provided,Clinvar,,,not classified by submitter
TSC1,397G>T,not provided,Clinvar,,,not classified by submitter
TSC1,395_406delGCGTCTTGGTGTinsCA,not provided,Clinvar,,,not classified by submitter
TSC1,381_383delTGT,not provided,Clinvar,,,not classified by submitter
TSC1,379_381delGTT,not provided,Clinvar,,,not classified by submitter
TSC1,364-1G>C,not provided,Clinvar,,,not classified by submitter
TSC1,363G>A,not provided,Clinvar,,,not classified by submitter
TSC1,363+5G>A,not provided,Clinvar,,,not classified by submitter
TSC1,363+47T>C,not provided,Clinvar,,,not classified by submitter
TSC1,363+1G>T,not provided,Clinvar,,,not classified by submitter
TSC1,363+1G>A,not provided,Clinvar,,,not classified by submitter
TSC1,362A>G,not provided,Clinvar,,,not classified by submitter
TSC1,350T>C,not provided,Clinvar,,,not classified by submitter
TSC1,338delT,not provided,Clinvar,,,not classified by submitter
TSC1,3322G>A,not provided,Clinvar,,,not classified by submitter
TSC1,3321C>T,not provided,Clinvar,,,not classified by submitter
TSC1,3303G>A,not provided,Clinvar,,,not classified by submitter
TSC1,3290G>A,not provided,Clinvar,,,not classified by submitter
TSC1,3231T>C,not provided,Clinvar,,,not classified by submitter
TSC1,3216C>T,not provided,Clinvar,,,not classified by submitter
TSC1,3195G>A,not provided,Clinvar,,,not classified by submitter
TSC1,3184C>T,not provided,Clinvar,,,not classified by submitter
TSC1,309G>A,not provided,Clinvar,,,not classified by submitter
TSC1,308G>A,not provided,Clinvar,,,not classified by submitter
TSC1,3030G>T,not provided,Clinvar,,,not classified by submitter
TSC1,2976-54G>A,not provided,Clinvar,,,not classified by submitter
TSC1,2976-43G>C,not provided,Clinvar,,,not classified by submitter
TSC1,2829_2830insGGCCT,not provided,Clinvar,,,not classified by submitter
TSC1,2814-27A>G,not provided,Clinvar,,,not classified by submitter
TSC1,2806C>T,not provided,Clinvar,,,not classified by submitter
TSC1,278T>G,not provided,Clinvar,,,not classified by submitter
TSC1,2786_2787delAT,not provided,Clinvar,,,not classified by submitter
TSC1,2781G>A,not provided,Clinvar,,,not classified by submitter
TSC1,272C>A,not provided,Clinvar,,,not classified by submitter
TSC1,271_272delTC,not provided,Clinvar,,,not classified by submitter
TSC1,2716C>T,not provided,Clinvar,,,not classified by submitter
TSC1,2699delA,not provided,Clinvar,,,not classified by submitter
TSC1,2694delG,not provided,Clinvar,,,not classified by submitter
TSC1,2692C>T,not provided,Clinvar,,,not classified by submitter
TSC1,2689C>T,not provided,Clinvar,,,not classified by submitter
TSC1,2674_2675delAG,not provided,Clinvar,,,not classified by submitter
TSC1,2653C>T,not provided,Clinvar,,,not classified by submitter
TSC1,2647G>A,not provided,Clinvar,,,not classified by submitter
TSC1,2626-2A>G,not provided,Clinvar,,,not classified by submitter
TSC1,2625+1G>A,not provided,Clinvar,,,not classified by submitter
TSC1,260_261insGA,not provided,Clinvar,,,not classified by submitter
TSC1,2595delA,not provided,Clinvar,,,not classified by submitter
TSC1,2569delG,not provided,Clinvar,,,not classified by submitter
TSC1,2559_2562delGGTT,not provided,Clinvar,,,not classified by submitter
TSC1,2528_2534delAGCAGAT,not provided,Clinvar,,,not classified by submitter
TSC1,250G>A,not provided,Clinvar,,,not classified by submitter
TSC1,2509_2512delAACA,not provided,Clinvar,,,not classified by submitter
TSC1,2508_2511delAAAC,not provided,Clinvar,,,not classified by submitter
TSC1,2507C>G,not provided,Clinvar,,,not classified by submitter
TSC1,2503-35T>C,not provided,Clinvar,,,not classified by submitter
TSC1,2503-2A>G,not provided,Clinvar,,,not classified by submitter
TSC1,2503-21T>C,not provided,Clinvar,,,not classified by submitter
TSC1,2503-1G>T,not provided,Clinvar,,,not classified by submitter
TSC1,2497C>T,not provided,Clinvar,,,not classified by submitter
TSC1,2485A>C,not provided,Clinvar,,,not classified by submitter
TSC1,2471_2472delCT,not provided,Clinvar,,,not classified by submitter
TSC1,2470_2471delAC,not provided,Clinvar,,,not classified by submitter
TSC1,2468delA,not provided,Clinvar,,,not classified by submitter
TSC1,2468_2469insG,not provided,Clinvar,,,not classified by submitter
TSC1,2465_2466delGT,not provided,Clinvar,,,not classified by submitter
TSC1,245A>C,not provided,Clinvar,,,not classified by submitter
TSC1,2456_2459delACAA,not provided,Clinvar,,,not classified by submitter
TSC1,2425G>C,not provided,Clinvar,,,not classified by submitter
TSC1,2420T>C,not provided,Clinvar,,,not classified by submitter
TSC1,2411_2424delGGAACATGATTGCG,not provided,Clinvar,,,not classified by submitter
TSC1,2407delT,not provided,Clinvar,,,not classified by submitter
TSC1,2401G>T,not provided,Clinvar,,,not classified by submitter
TSC1,2364delA,not provided,Clinvar,,,not classified by submitter
TSC1,2362G>T,not provided,Clinvar,,,not classified by submitter
TSC1,2360_2364delAGGAA,not provided,Clinvar,,,not classified by submitter
TSC1,2357delG,not provided,Clinvar,,,not classified by submitter
TSC1,2356C>T,not provided,Clinvar,,,not classified by submitter
TSC1,2347C>T,not provided,Clinvar,,,not classified by submitter
TSC1,2341C>T,not provided,Clinvar,,,not classified by submitter
TSC1,2332C>T,not provided,Clinvar,,,not classified by submitter
TSC1,2328_2329delCA,not provided,Clinvar,,,not classified by submitter
TSC1,2319delC,not provided,Clinvar,,,not classified by submitter
TSC1,2317delA,not provided,Clinvar,,,not classified by submitter
TSC1,2299C>T,not provided,Clinvar,,,not classified by submitter
TSC1,2298_2320del23,not provided,Clinvar,,,not classified by submitter
TSC1,2293C>T,not provided,Clinvar,,,not classified by submitter
TSC1,2291delT,not provided,Clinvar,,,not classified by submitter
TSC1,2287C>T,not provided,Clinvar,,,not classified by submitter
TSC1,2285A>G,not provided,Clinvar,,,not classified by submitter
TSC1,2283C>G,not provided,Clinvar,,,not classified by submitter
TSC1,2283C>A,not provided,Clinvar,,,not classified by submitter
TSC1,227T>A,not provided,Clinvar,,,not classified by submitter
TSC1,2279_2294del16,not provided,Clinvar,,,not classified by submitter
TSC1,2268_2271delAGAA,not provided,Clinvar,,,not classified by submitter
TSC1,2260C>T,not provided,Clinvar,,,not classified by submitter
TSC1,2250G>A,not provided,Clinvar,,,not classified by submitter
TSC1,2249G>A,not provided,Clinvar,,,not classified by submitter
TSC1,2227C>T,not provided,Clinvar,,,not classified by submitter
TSC1,2209-9C>T,not provided,Clinvar,,,not classified by submitter
TSC1,2209-35A>G,not provided,Clinvar,,,not classified by submitter
TSC1,2208+23G>A,not provided,Clinvar,,,not classified by submitter
TSC1,2191delG,not provided,Clinvar,,,not classified by submitter
TSC1,2177C>A,not provided,Clinvar,,,not classified by submitter
TSC1,2173_2176delAAAG,not provided,Clinvar,,,not classified by submitter
TSC1,2169delG,not provided,Clinvar,,,not classified by submitter
TSC1,215T>C,not provided,Clinvar,,,not classified by submitter
TSC1,2145delG,not provided,Clinvar,,,not classified by submitter
TSC1,2135_2139delATGCC,not provided,Clinvar,,,not classified by submitter
TSC1,2134_2138delCATGC,not provided,Clinvar,,,not classified by submitter
TSC1,2131C>T,not provided,Clinvar,,,not classified by submitter
TSC1,2112T>A,not provided,Clinvar,,,not classified by submitter
TSC1,2111_2112delAT,not provided,Clinvar,,,not classified by submitter
TSC1,211-2A>C,not provided,Clinvar,,,not classified by submitter
TSC1,211-1G>A,not provided,Clinvar,,,not classified by submitter
TSC1,211-16T>C,not provided,Clinvar,,,not classified by submitter
TSC1,2109_2110delCT,not provided,Clinvar,,,not classified by submitter
TSC1,2104_2105insTAGTT,not provided,Clinvar,,,not classified by submitter
TSC1,2103_2106delGTTA,not provided,Clinvar,,,not classified by submitter
TSC1,2103G>T,not provided,Clinvar,,,not classified by submitter
TSC1,2102_2105delAGTT,not provided,Clinvar,,,not classified by submitter
TSC1,2101delC,not provided,Clinvar,,,not classified by submitter
TSC1,2101_2102delCA,not provided,Clinvar,,,not classified by submitter
TSC1,210+33G>A,not provided,Clinvar,,,not classified by submitter
TSC1,210+1G>A,not provided,Clinvar,,,not classified by submitter
TSC1,210+18A>G,not provided,Clinvar,,,not classified by submitter
TSC1,2094delG,not provided,Clinvar,,,not classified by submitter
TSC1,2090delT,not provided,Clinvar,,,not classified by submitter
TSC1,2082delG,not provided,Clinvar,,,not classified by submitter
TSC1,2074C>T,not provided,Clinvar,,,not classified by submitter
TSC1,2069_2074delCCCTCCinsACACTT,not provided,Clinvar,,,not classified by submitter
TSC1,2054C>A,not provided,Clinvar,,,not classified by submitter
TSC1,2042-5A>G,not provided,Clinvar,,,not classified by submitter
TSC1,2042-2A>G,not provided,Clinvar,,,not classified by submitter
TSC1,2041G>A,not provided,Clinvar,,,not classified by submitter
TSC1,2041+2T>C,not provided,Clinvar,,,not classified by submitter
TSC1,2041+2T>A,not provided,Clinvar,,,not classified by submitter
TSC1,203A>G,not provided,Clinvar,,,not classified by submitter
TSC1,2039G>A,not provided,Clinvar,,,not classified by submitter
TSC1,2030_2040delCCCACTTTGGA,not provided,Clinvar,,,not classified by submitter
TSC1,2028G>A,not provided,Clinvar,,,not classified by submitter
TSC1,2023delG,not provided,Clinvar,,,not classified by submitter
TSC1,2022delC,not provided,Clinvar,,,not classified by submitter
TSC1,2022C>T,not provided,Clinvar,,,not classified by submitter
TSC1,2006T>G,not provided,Clinvar,,,not classified by submitter
TSC1,1998G>A,not provided,Clinvar,,,not classified by submitter
TSC1,1998-54C>T,not provided,Clinvar,,,not classified by submitter
TSC1,1998-1G>C,not provided,Clinvar,,,not classified by submitter
TSC1,1998-1G>A,not provided,Clinvar,,,not classified by submitter
TSC1,1997+1G>C,not provided,Clinvar,,,not classified by submitter
TSC1,1997+1G>A,not provided,Clinvar,,,not classified by submitter
TSC1,1976C>T,not provided,Clinvar,,,not classified by submitter
TSC1,1974C>G,not provided,Clinvar,,,not classified by submitter
TSC1,1968A>C,not provided,Clinvar,,,not classified by submitter
TSC1,1963C>T,not provided,Clinvar,,,not classified by submitter
TSC1,1958_1959delTA,not provided,Clinvar,,,not classified by submitter
TSC1,1955_1956delTG,not provided,Clinvar,,,not classified by submitter
TSC1,1942delG,not provided,Clinvar,,,not classified by submitter
TSC1,191_199delTGCAAGAGC,not provided,Clinvar,,,not classified by submitter
TSC1,1907_1908delAG,not provided,Clinvar,,,not classified by submitter
TSC1,1904_1905delCA,not provided,Clinvar,,,not classified by submitter
TSC1,1903_1904delAC,not provided,Clinvar,,,not classified by submitter
TSC1,1888_1891delAAAG,not provided,Clinvar,,,not classified by submitter
TSC1,1886delA,not provided,Clinvar,,,not classified by submitter
TSC1,1883T>G,not provided,Clinvar,,,not classified by submitter
TSC1,1883T>A,not provided,Clinvar,,,not classified by submitter
TSC1,1857delT,not provided,Clinvar,,,not classified by submitter
TSC1,1851delT,not provided,Clinvar,,,not classified by submitter
TSC1,1841delA,not provided,Clinvar,,,not classified by submitter
TSC1,1839A>G,not provided,Clinvar,,,not classified by submitter
TSC1,182T>C,not provided,Clinvar,,,not classified by submitter
TSC1,1825G>T,not provided,Clinvar,,,not classified by submitter
TSC1,1823_1824delTT,not provided,Clinvar,,,not classified by submitter
TSC1,181_189delCTGACCACC,not provided,Clinvar,,,not classified by submitter
TSC1,1788delT,not provided,Clinvar,,,not classified by submitter
TSC1,1777A>T,not provided,Clinvar,,,not classified by submitter
TSC1,1776G>T,not provided,Clinvar,,,not classified by submitter
TSC1,1767A>G,not provided,Clinvar,,,not classified by submitter
TSC1,1761A>G,not provided,Clinvar,,,not classified by submitter
TSC1,1757_1765delGTAAAATTC,not provided,Clinvar,,,not classified by submitter
TSC1,1749_1750delCA,not provided,Clinvar,,,not classified by submitter
TSC1,1736delG,not provided,Clinvar,,,not classified by submitter
TSC1,1731G>C,not provided,Clinvar,,,not classified by submitter
TSC1,1729G>T,not provided,Clinvar,,,not classified by submitter
TSC1,1727_1748del22insG,not provided,Clinvar,,,not classified by submitter
TSC1,1727_1742del16,not provided,Clinvar,,,not classified by submitter
TSC1,1726T>C,not provided,Clinvar,,,not classified by submitter
TSC1,1724C>T,not provided,Clinvar,,,not classified by submitter
TSC1,1717C>T,not provided,Clinvar,,,not classified by submitter
TSC1,1708_1709delAG,not provided,Clinvar,,,not classified by submitter
TSC1,1697delC,not provided,Clinvar,,,not classified by submitter
TSC1,1692_1693delAA,not provided,Clinvar,,,not classified by submitter
TSC1,1687delG,not provided,Clinvar,,,not classified by submitter
TSC1,1671_1693del23,not provided,Clinvar,,,not classified by submitter
TSC1,1669delC,not provided,Clinvar,,,not classified by submitter
TSC1,1669C>T,not provided,Clinvar,,,not classified by submitter
TSC1,1662delC,not provided,Clinvar,,,not classified by submitter
TSC1,163C>T,not provided,Clinvar,,,not classified by submitter
TSC1,1630_1646del17,not provided,Clinvar,,,not classified by submitter
TSC1,1615delT,not provided,Clinvar,,,not classified by submitter
TSC1,1580_1581delAG,not provided,Clinvar,,,not classified by submitter
TSC1,1579C>T,not provided,Clinvar,,,not classified by submitter
TSC1,1567G>C,not provided,Clinvar,,,not classified by submitter
TSC1,1559delA,not provided,Clinvar,,,not classified by submitter
TSC1,1542_1543insG,not provided,Clinvar,,,not classified by submitter
TSC1,153A>C,not provided,Clinvar,,,not classified by submitter
TSC1,1533delT,not provided,Clinvar,,,not classified by submitter
TSC1,1529_1530delAC,not provided,Clinvar,,,not classified by submitter
TSC1,1526G>A,not provided,Clinvar,,,not classified by submitter
TSC1,1525C>T,not provided,Clinvar,,,not classified by submitter
TSC1,1501G>T,not provided,Clinvar,,,not classified by submitter
TSC1,149T>C,not provided,Clinvar,,,not classified by submitter
TSC1,1499G>A,not provided,Clinvar,,,not classified by submitter
TSC1,1498C>T,not provided,Clinvar,,,not classified by submitter
TSC1,1490_1491delTG,not provided,Clinvar,,,not classified by submitter
TSC1,148delC,not provided,Clinvar,,,not classified by submitter
TSC1,1470delC,not provided,Clinvar,,,not classified by submitter
TSC1,1462G>T,not provided,Clinvar,,,not classified by submitter
TSC1,145delT,not provided,Clinvar,,,not classified by submitter
TSC1,1439-2A>G,not provided,Clinvar,,,not classified by submitter
TSC1,1438+6G>A,not provided,Clinvar,,,not classified by submitter
TSC1,1433A>G,not provided,Clinvar,,,not classified by submitter
TSC1,1431_1434delAGAA,not provided,Clinvar,,,not classified by submitter
TSC1,1411_1412insT,not provided,Clinvar,,,not classified by submitter
TSC1,1379delC,not provided,Clinvar,,,not classified by submitter
TSC1,1371T>C,not provided,Clinvar,,,not classified by submitter
TSC1,1369delA,not provided,Clinvar,,,not classified by submitter
TSC1,1366_1367insGA,not provided,Clinvar,,,not classified by submitter
TSC1,1364delC,not provided,Clinvar,,,not classified by submitter
TSC1,1361_1398del38,not provided,Clinvar,,,not classified by submitter
TSC1,1354G>C,not provided,Clinvar,,,not classified by submitter
TSC1,1338delG,not provided,Clinvar,,,not classified by submitter
TSC1,1334-55C>G,not provided,Clinvar,,,not classified by submitter
TSC1,1333+5A>G,not provided,Clinvar,,,not classified by submitter
TSC1,1333+13C>T,not provided,Clinvar,,,not classified by submitter
TSC1,1331C>G,not provided,Clinvar,,,not classified by submitter
TSC1,1331C>A,not provided,Clinvar,,,not classified by submitter
TSC1,1303C>T,not provided,Clinvar,,,not classified by submitter
TSC1,1279delT,not provided,Clinvar,,,not classified by submitter
TSC1,1271_1272del,not provided,Clinvar,,,not classified by submitter
TSC1,126A>C,not provided,Clinvar,,,not classified by submitter
TSC1,1264-12T>C,not provided,Clinvar,,,not classified by submitter
TSC1,1257delC,not provided,Clinvar,,,not classified by submitter
TSC1,1208C>T,not provided,Clinvar,,,not classified by submitter
TSC1,1203delT,not provided,Clinvar,,,not classified by submitter
TSC1,1196_1209delCACTCTGTCATTCG,not provided,Clinvar,,,not classified by submitter
TSC1,1152delA,not provided,Clinvar,,,not classified by submitter
TSC1,1105C>T,not provided,Clinvar,,,not classified by submitter
TSC1,1097_1110delCACCTGATCTGTCA,not provided,Clinvar,,,not classified by submitter
TSC1,1092_1105delTGTCCCACCTGATC,not provided,Clinvar,,,not classified by submitter
TSC1,107-2A>G,not provided,Clinvar,,,not classified by submitter
TSC1,1047A>G,not provided,Clinvar,,,not classified by submitter
TSC1,1041G>A,not provided,Clinvar,,,not classified by submitter
TSC1,1040G>A,not provided,Clinvar,,,not classified by submitter
TSC1,1030delG,not provided,Clinvar,,,not classified by submitter
TSC1,1030-9A>G,not provided,Clinvar,,,not classified by submitter
TSC1,1030-3C>G,not provided,Clinvar,,,not classified by submitter
TSC1,1030-1G>A,not provided,Clinvar,,,not classified by submitter
TSC1,1029+1G>A,not provided,Clinvar,,,not classified by submitter
TSC1,1020delA,not provided,Clinvar,,,not classified by submitter
TSC1,1006C>T,not provided,Clinvar,,,not classified by submitter
TSC1,3103G>A,Likely benign,Clinvar,,,classified by single submitter
TSC1,2696C>G,Uncertain significance,Clinvar,,,classified by single submitter
TSC1,1960C>G,Likely benign,Clinvar,,,classified by single submitter
TSC1,1648C>G,Uncertain significance,Clinvar,,,classified by single submitter
TSC1,539T>C,Pathogenic,Clinvar,,,classified by single submitter
TSC1,671T>G,Pathogenic,Clinvar,,,classified by single submitter
TSC1,495C>A,Pathogenic,Clinvar,,,classified by single submitter
SDHB,487T>C,not provided,Clinvar,,,not classified by submitter
SDHB,344G>A,not provided,Clinvar,,,not classified by submitter
SDHB,170A>G,not provided,Clinvar,,,not classified by submitter
SDHB,8C>G,not provided,Clinvar,,,not classified by submitter
SDHB,600G>A,Likely pathogenic,Clinvar,,,classified by single submitter
SDHB,575G>C,Likely pathogenic,Clinvar,,,classified by single submitter
SDHB,424-16_424-14dupTTC,Uncertain significance,Clinvar,,,classified by single submitter
SDHB,415C>T,Uncertain significance,Clinvar,,,classified by single submitter
SDHB,287-1G>C,Likely pathogenic,Clinvar,,,classified by single submitter
SDHB,268C>T,Pathogenic,Clinvar,,,classified by single submitter
SDHB,18C>A,Benign,Clinvar,,,classified by multiple submitters
SDHB,8C>G,Uncertain significance,Clinvar,,,classified by single submitter
SDHB,487T>C,Benign,Clinvar,,,classified by single submitter
SDHB,143A>T,Uncertain significance,Clinvar,,,classified by single submitter
SDHB,590C>G,Likely pathogenic,Clinvar,,,classified by single submitter
SDHB,487T>C,Likely benign,Clinvar,,,classified by single submitter
SDHB,268C>T,Pathogenic,Clinvar,,,classified by single submitter
SDHB,423+20T>A,Likely pathogenic,Clinvar,,,classified by single submitter
SDHB,32G>A,Likely pathogenic,Clinvar,,,classified by single submitter
SDHB,423+1G>A,Pathogenic,Clinvar,,,classified by single submitter
SDHB,725G>A,Pathogenic,Clinvar,,,classified by single submitter
SDHB,418G>T,Pathogenic,Clinvar,,,classified by single submitter
SDHB,487T>C,Pathogenic,Clinvar,,,classified by single submitter
SDHB,8C>G,Pathogenic,Clinvar,,,classified by single submitter
SDHB,299C>T,Pathogenic,Clinvar,,,classified by single submitter
SDHB,395A>C,Pathogenic,Clinvar,,,classified by single submitter
SDHB,302G>A,Pathogenic,Clinvar,,,classified by single submitter
SDHB,136C>G,Pathogenic,Clinvar,,,classified by single submitter
SDHB,79C>T,Pathogenic,Clinvar,,,classified by single submitter
SDHB,79C>T,Pathogenic,Clinvar,,,classified by single submitter
SDHB,725G>A,Pathogenic,Clinvar,,,classified by single submitter
SDHB,725G>A,Pathogenic,Clinvar,,,classified by single submitter
SDHB,590C>G,Pathogenic,Clinvar,,,classified by single submitter
SDHB,268C>T,Pathogenic,Clinvar,,,classified by single submitter
SDHB,111_112dupCC,Pathogenic,Clinvar,,,classified by single submitter
SDHB,638T>C,Uncertain significance,Clinvar,,,classified by single submitter
SDHB,403G>A,Uncertain significance,Clinvar,,,classified by single submitter
SDHB,424-19_424-14dupTTCTTC,Benign,Clinvar,,,classified by single submitter
CDK4,763C>T,not provided,Clinvar,,,not classified by submitter
CDK4,661G>A,not provided,Clinvar,,,not classified by submitter
CDK4,523G>A,not provided,Clinvar,,,not classified by submitter
CDK4,364C>T,not provided,Clinvar,,,not classified by submitter
CDK4,254G>A,not provided,Clinvar,,,not classified by submitter
CDK4,71G>A,risk factor,Clinvar,,,classified by single submitter
CDK4,70C>T,risk factor,Clinvar,,,classified by single submitter
CDK4,862C>G,Uncertain significance,Clinvar,,,classified by single submitter
CDK4,776C>T,Uncertain significance,Clinvar,,,classified by single submitter
CDK4,760C>T,Uncertain significance,Clinvar,,,classified by single submitter
MET,1965+20A>G,not provided,Clinvar,,,not classified by submitter
MET,1701+75T>G,not provided,Clinvar,,,not classified by submitter
MET,1701+25A>G,not provided,Clinvar,,,not classified by submitter
MET,1972G>A,not provided,Clinvar,,,not classified by submitter
MET,1771C>T,not provided,Clinvar,,,not classified by submitter
MET,1723C>A,not provided,Clinvar,,,not classified by submitter
MET,1660G>A,not provided,Clinvar,,,not classified by submitter
MET,4141G>A,not provided,Clinvar,,,not classified by submitter
MET,4027G>A,not provided,Clinvar,,,not classified by submitter
MET,110T>C,not provided,Clinvar,,,not classified by submitter
MET,71G>A,not provided,Clinvar,,,not classified by submitter
MET,1171G>A,not provided,Clinvar,,,not classified by submitter
MET,1039G>A,not provided,Clinvar,,,not classified by submitter
MET,510C>G,not provided,Clinvar,,,not classified by submitter
MET,289C>G,not provided,Clinvar,,,not classified by submitter
MET,103A>T,not provided,Clinvar,,,not classified by submitter
MET,3576T>C,not provided,Clinvar,,,not classified by submitter
MET,3029C>T,not provided,Clinvar,,,not classified by submitter
MET,2962C>T,not provided,Clinvar,,,not classified by submitter
MET,3031A>G,not provided,Clinvar,,,not classified by submitter
MET,2716C>T,not provided,Clinvar,,,not classified by submitter
MET,2602A>G,not provided,Clinvar,,,not classified by submitter
MET,504G>T,Likely benign,Clinvar,,,classified by single submitter
MET,144G>A,Benign,Clinvar,,,classified by single submitter
MET,948A>G,Benign,Clinvar,,,classified by single submitter
MET,1124A>G,Benign,Clinvar,,,classified by single submitter
MET,1701+7044C>A,Uncertain significance,Clinvar,,,classified by single submitter
MET,1200+955A>G,Uncertain significance,Clinvar,,,classified by single submitter
MET,948A>G,Benign,Clinvar,,,classified by single submitter
MET,654G>A,Benign,Clinvar,,,classified by single submitter
MET,534C>T,Benign,Clinvar,,,classified by single submitter
MET,504G>T,Benign,Clinvar,,,classified by single submitter
MET,4171G>C,Uncertain significance,Clinvar,,,classified by single submitter
MET,4146G>A,Benign,Clinvar,,,classified by single submitter
MET,4071G>A,Benign,Clinvar,,,classified by single submitter
MET,3912C>T,Benign,Clinvar,,,classified by single submitter
MET,390C>T,Benign,Clinvar,,,classified by single submitter
MET,3335A>G,Pathogenic,Clinvar,,,classified by single submitter
MET,3271C>T,Uncertain significance,Clinvar,,,classified by single submitter
MET,289C>G,Uncertain significance,Clinvar,,,classified by single submitter
MET,2488C>G,Uncertain significance,Clinvar,,,classified by single submitter
MET,1944A>G,Benign,Clinvar,,,classified by single submitter
MET,147A>G,Uncertain significance,Clinvar,,,classified by single submitter
MET,144G>A,Benign,Clinvar,,,classified by single submitter
MET,1131C>T,Benign,Clinvar,,,classified by single submitter
MET,1124A>G,Benign,Clinvar,,,classified by single submitter
MET,1085T>C,Benign,Clinvar,,,classified by single submitter
MET,1076G>A,Uncertain significance,Clinvar,,,classified by single submitter
MET,3907C>T,not provided,Clinvar,,,not classified by submitter
MET,1829G>A,not provided,Clinvar,,,not classified by submitter
MET,967A>G,Uncertain significance,Clinvar,,,classified by single submitter
MET,948A>G,Uncertain significance,Clinvar,,,classified by single submitter
MET,607T>A,Uncertain significance,Clinvar,,,classified by single submitter
MET,504G>T,Benign,Clinvar,,,classified by single submitter
MET,4205C>G,Uncertain significance,Clinvar,,,classified by single submitter
MET,3410G>C,Uncertain significance,Clinvar,,,classified by single submitter
MET,3029C>T,conflicting data from submitters,Clinvar,,,classified by multiple submitters
MET,2962C>T,Uncertain significance,Clinvar,,,classified by multiple submitters
MET,2437A>G,Uncertain significance,Clinvar,,,classified by single submitter
MET,199A>G,Uncertain significance,Clinvar,,,classified by single submitter
MET,1810C>G,Uncertain significance,Clinvar,,,classified by single submitter
MET,1392+5G>A,Uncertain significance,Clinvar,,,classified by single submitter
MET,1345G>A,Uncertain significance,Clinvar,,,classified by single submitter
MET,1306G>C,Uncertain significance,Clinvar,,,classified by single submitter
MET,1304G>A,Uncertain significance,Clinvar,,,classified by single submitter
MET,1292T>C,Uncertain significance,Clinvar,,,classified by single submitter
MET,1237C>A,Uncertain significance,Clinvar,,,classified by single submitter
MET,1232C>T,Uncertain significance,Clinvar,,,classified by single submitter
MET,1180C>A,Uncertain significance,Clinvar,,,classified by single submitter
MET,1124A>G,Benign,Clinvar,,,classified by single submitter
MET,110T>C,Uncertain significance,Clinvar,,,classified by single submitter
MET,1048A>C,Uncertain significance,Clinvar,,,classified by single submitter
MET,1019A>G,Uncertain significance,Clinvar,,,classified by multiple submitters
MET,-207C=,Uncertain significance,Clinvar,,,classified by single submitter
MET,3785A>G,other,Clinvar,,,classified by single submitter
MET,3804G>A,other,Clinvar,,,classified by single submitter
MET,3572C>T,other,Clinvar,,,classified by single submitter
MET,3335A>G,Pathogenic,Clinvar,,,classified by single submitter
MET,3637C>G,other,Clinvar,,,classified by single submitter
MET,3743A>G,Pathogenic,Clinvar,,,classified by single submitter
MET,3736G>A,Pathogenic,Clinvar,,,classified by single submitter
MET,3712G>A,Pathogenic,Clinvar,,,classified by single submitter
MET,3616G>T,Pathogenic,Clinvar,,,classified by single submitter
MET,3446T>C,Pathogenic,Clinvar,,,classified by single submitter
MET,1233G>A,Uncertain significance,Clinvar,,,classified by single submitter
MET,1659C>T,Uncertain significance,Clinvar,,,classified by single submitter
MET,3222T>C,Uncertain significance,Clinvar,,,classified by single submitter
MET,776T>C,Uncertain significance,Clinvar,,,classified by single submitter
MET,2271G>T,Uncertain significance,Clinvar,,,classified by single submitter
MET,1039G>A,Uncertain significance,Clinvar,,,classified by single submitter
MET,3921C>T,Uncertain significance,Clinvar,,,classified by single submitter
