MITF,711-1115C>A,Uncertain significance,Clinvar,,,classified by single submitter
MITF,-52-56165G>A,Uncertain significance,Clinvar,,,classified by single submitter
MITF,952G>A,risk factor,Clinvar,,,classified by single submitter
MITF,1195T>C,Pathogenic,Clinvar,,,classified by single submitter
MITF,943C>T,Pathogenic,Clinvar,,,classified by single submitter
MITF,933C>G,Pathogenic,Clinvar,,,classified by single submitter
MITF,1051T>C,Pathogenic,Clinvar,,,classified by single submitter
TMEM127,76C>T,Likely pathogenic,Clinvar,,,classified by single submitter
TMEM127,475C>T,Likely pathogenic,Clinvar,,,classified by single submitter
TMEM127,447G>A,Likely pathogenic,Clinvar,,,classified by single submitter
TMEM127,419G>A,Likely pathogenic,Clinvar,,,classified by single submitter
TMEM127,418T>C,Likely pathogenic,Clinvar,,,classified by single submitter
TMEM127,410-2A>C,Likely pathogenic,Clinvar,,,classified by single submitter
TMEM127,409+1G>T,Likely pathogenic,Clinvar,,,classified by single submitter
TMEM127,3G>T,Likely pathogenic,Clinvar,,,classified by single submitter
TMEM127,280C>T,Likely pathogenic,Clinvar,,,classified by single submitter
TMEM127,265_268delACAG,Likely pathogenic,Clinvar,,,classified by single submitter
TMEM127,245-1G>T,Likely pathogenic,Clinvar,,,classified by single submitter
TMEM127,217G>C,Likely pathogenic,Clinvar,,,classified by single submitter
TMEM127,208G>A,Likely pathogenic,Clinvar,,,classified by single submitter
TMEM127,158G>C,Likely pathogenic,Clinvar,,,classified by single submitter
TMEM127,149_150insA,Likely pathogenic,Clinvar,,,classified by single submitter
TMEM127,116_119delTGTC,Likely pathogenic,Clinvar,,,classified by single submitter
TMEM127,-18C>T,Likely pathogenic,Clinvar,,,classified by single submitter
TMEM127,621G>A,Benign,Clinvar,,,classified by single submitter
TMEM127,149_150insA,risk factor,Clinvar,,,classified by single submitter
TMEM127,245-1G>T,risk factor,Clinvar,,,classified by single submitter
TMEM127,475C>T,risk factor,Clinvar,,,classified by single submitter
TMEM127,410-2A>C,risk factor,Clinvar,,,classified by single submitter
TMEM127,627_640dupGCTGCTCTCAGAGA,Likely pathogenic,Clinvar,,,classified by single submitter
MET,1965+20A>G,not provided,Clinvar,,,not classified by submitter
MET,1701+75T>G,not provided,Clinvar,,,not classified by submitter
MET,1701+25A>G,not provided,Clinvar,,,not classified by submitter
MET,1972G>A,not provided,Clinvar,,,not classified by submitter
MET,1771C>T,not provided,Clinvar,,,not classified by submitter
MET,1723C>A,not provided,Clinvar,,,not classified by submitter
MET,1660G>A,not provided,Clinvar,,,not classified by submitter
MET,4141G>A,not provided,Clinvar,,,not classified by submitter
MET,4027G>A,not provided,Clinvar,,,not classified by submitter
MET,110T>C,not provided,Clinvar,,,not classified by submitter
MET,71G>A,not provided,Clinvar,,,not classified by submitter
MET,1171G>A,not provided,Clinvar,,,not classified by submitter
MET,1039G>A,not provided,Clinvar,,,not classified by submitter
MET,510C>G,not provided,Clinvar,,,not classified by submitter
MET,289C>G,not provided,Clinvar,,,not classified by submitter
MET,103A>T,not provided,Clinvar,,,not classified by submitter
MET,3576T>C,not provided,Clinvar,,,not classified by submitter
MET,3029C>T,not provided,Clinvar,,,not classified by submitter
MET,2962C>T,not provided,Clinvar,,,not classified by submitter
MET,3031A>G,not provided,Clinvar,,,not classified by submitter
MET,2716C>T,not provided,Clinvar,,,not classified by submitter
MET,2602A>G,not provided,Clinvar,,,not classified by submitter
MET,504G>T,Likely benign,Clinvar,,,classified by single submitter
MET,144G>A,Benign,Clinvar,,,classified by single submitter
MET,948A>G,Benign,Clinvar,,,classified by single submitter
MET,1124A>G,Benign,Clinvar,,,classified by single submitter
MET,1701+7044C>A,Uncertain significance,Clinvar,,,classified by single submitter
MET,1200+955A>G,Uncertain significance,Clinvar,,,classified by single submitter
MET,948A>G,Benign,Clinvar,,,classified by single submitter
MET,654G>A,Benign,Clinvar,,,classified by single submitter
MET,534C>T,Benign,Clinvar,,,classified by single submitter
MET,504G>T,Benign,Clinvar,,,classified by single submitter
MET,4171G>C,Uncertain significance,Clinvar,,,classified by single submitter
MET,4146G>A,Benign,Clinvar,,,classified by single submitter
MET,4071G>A,Benign,Clinvar,,,classified by single submitter
MET,3912C>T,Benign,Clinvar,,,classified by single submitter
MET,390C>T,Benign,Clinvar,,,classified by single submitter
MET,3335A>G,Pathogenic,Clinvar,,,classified by single submitter
MET,3271C>T,Uncertain significance,Clinvar,,,classified by single submitter
MET,289C>G,Uncertain significance,Clinvar,,,classified by single submitter
MET,2488C>G,Uncertain significance,Clinvar,,,classified by single submitter
MET,1944A>G,Benign,Clinvar,,,classified by single submitter
MET,147A>G,Uncertain significance,Clinvar,,,classified by single submitter
MET,144G>A,Benign,Clinvar,,,classified by single submitter
MET,1131C>T,Benign,Clinvar,,,classified by single submitter
MET,1124A>G,Benign,Clinvar,,,classified by single submitter
MET,1085T>C,Benign,Clinvar,,,classified by single submitter
MET,1076G>A,Uncertain significance,Clinvar,,,classified by single submitter
MET,3907C>T,not provided,Clinvar,,,not classified by submitter
MET,1829G>A,not provided,Clinvar,,,not classified by submitter
MET,967A>G,Uncertain significance,Clinvar,,,classified by single submitter
MET,948A>G,Uncertain significance,Clinvar,,,classified by single submitter
MET,607T>A,Uncertain significance,Clinvar,,,classified by single submitter
MET,504G>T,Benign,Clinvar,,,classified by single submitter
MET,4205C>G,Uncertain significance,Clinvar,,,classified by single submitter
MET,3410G>C,Uncertain significance,Clinvar,,,classified by single submitter
MET,3029C>T,conflicting data from submitters,Clinvar,,,classified by multiple submitters
MET,2962C>T,Uncertain significance,Clinvar,,,classified by multiple submitters
MET,2437A>G,Uncertain significance,Clinvar,,,classified by single submitter
MET,199A>G,Uncertain significance,Clinvar,,,classified by single submitter
MET,1810C>G,Uncertain significance,Clinvar,,,classified by single submitter
MET,1392+5G>A,Uncertain significance,Clinvar,,,classified by single submitter
MET,1345G>A,Uncertain significance,Clinvar,,,classified by single submitter
MET,1306G>C,Uncertain significance,Clinvar,,,classified by single submitter
MET,1304G>A,Uncertain significance,Clinvar,,,classified by single submitter
MET,1292T>C,Uncertain significance,Clinvar,,,classified by single submitter
MET,1237C>A,Uncertain significance,Clinvar,,,classified by single submitter
MET,1232C>T,Uncertain significance,Clinvar,,,classified by single submitter
MET,1180C>A,Uncertain significance,Clinvar,,,classified by single submitter
MET,1124A>G,Benign,Clinvar,,,classified by single submitter
MET,110T>C,Uncertain significance,Clinvar,,,classified by single submitter
MET,1048A>C,Uncertain significance,Clinvar,,,classified by single submitter
MET,1019A>G,Uncertain significance,Clinvar,,,classified by multiple submitters
MET,-207C=,Uncertain significance,Clinvar,,,classified by single submitter
MET,3785A>G,other,Clinvar,,,classified by single submitter
MET,3804G>A,other,Clinvar,,,classified by single submitter
MET,3572C>T,other,Clinvar,,,classified by single submitter
MET,3335A>G,Pathogenic,Clinvar,,,classified by single submitter
MET,3637C>G,other,Clinvar,,,classified by single submitter
MET,3743A>G,Pathogenic,Clinvar,,,classified by single submitter
MET,3736G>A,Pathogenic,Clinvar,,,classified by single submitter
MET,3712G>A,Pathogenic,Clinvar,,,classified by single submitter
MET,3616G>T,Pathogenic,Clinvar,,,classified by single submitter
MET,3446T>C,Pathogenic,Clinvar,,,classified by single submitter
MET,1233G>A,Uncertain significance,Clinvar,,,classified by single submitter
MET,1659C>T,Uncertain significance,Clinvar,,,classified by single submitter
MET,3222T>C,Uncertain significance,Clinvar,,,classified by single submitter
MET,776T>C,Uncertain significance,Clinvar,,,classified by single submitter
MET,2271G>T,Uncertain significance,Clinvar,,,classified by single submitter
MET,1039G>A,Uncertain significance,Clinvar,,,classified by single submitter
MET,3921C>T,Uncertain significance,Clinvar,,,classified by single submitter
SDHAF2,97C>T,Uncertain significance,Clinvar,,,classified by single submitter
SDHAF2,52A>G,Uncertain significance,Clinvar,,,classified by single submitter
SDHAF2,232G>A,Pathogenic,Clinvar,,,classified by multiple submitters
MAX,171+7506C>A,Uncertain significance,Clinvar,,,classified by single submitter
MAX,171+7515G>C,Uncertain significance,Clinvar,,,classified by single submitter
MAX,97C>T,risk factor,Clinvar,,,classified by single submitter
MAX,223C>T,risk factor,Clinvar,,,classified by single submitter
MAX,1A>G,risk factor,Clinvar,,,classified by single submitter
FH,1303G>A,not provided,Clinvar,,,not classified by submitter
FH,1138A>G,not provided,Clinvar,,,not classified by submitter
FH,1013T>C,not provided,Clinvar,,,not classified by submitter
FH,883G>A,not provided,Clinvar,,,not classified by submitter
FH,77C>T,not provided,Clinvar,,,not classified by submitter
FH,71C>G,not provided,Clinvar,,,not classified by submitter
FH,53C>T,not provided,Clinvar,,,not classified by submitter
FH,37C>G,not provided,Clinvar,,,not classified by submitter
FH,952C>T,Pathogenic,Clinvar,,,classified by single submitter
FH,760C>T,Pathogenic,Clinvar,,,classified by single submitter
FH,560C>G,Pathogenic,Clinvar,,,classified by single submitter
FH,521C>G,Pathogenic,Clinvar,,,classified by single submitter
FH,320A>C,Pathogenic,Clinvar,,,classified by single submitter
FH,1446_1449delAAAG,Pathogenic,Clinvar,,,classified by single submitter
FH,1301G>A,Uncertain significance,Clinvar,,,classified by single submitter
FH,1293delA,Pathogenic,Clinvar,,,classified by single submitter
FH,1200delT,Pathogenic,Clinvar,,,classified by single submitter
FH,1129T>C,Uncertain significance,Clinvar,,,classified by single submitter
FH,1126C>T,Pathogenic,Clinvar,,,classified by single submitter
FH,1020T>A,Uncertain significance,Clinvar,,,classified by single submitter
FH,881C>T,not provided,Clinvar,,,not classified by submitter
FH,1421C>G,Uncertain significance,Clinvar,,,classified by single submitter
FH,346A>T,Uncertain significance,Clinvar,,,classified by single submitter
FH,521C>G,Pathogenic,Clinvar,,,classified by single submitter
FH,698G>T,Pathogenic,Clinvar,,,classified by single submitter
FH,698G>A,Pathogenic,Clinvar,,,classified by single submitter
FH,1027C>T,Pathogenic,Clinvar,,,classified by single submitter
FH,320A>C,Pathogenic,Clinvar,,,classified by single submitter
FH,301C>T,Pathogenic,Clinvar,,,classified by single submitter
FH,1084G>C,Pathogenic,Clinvar,,,classified by single submitter
FH,793G>A,Pathogenic,Clinvar,,,classified by single submitter
FH,883G>A,Uncertain significance,Clinvar,,,classified by single submitter
FH,1431_1433dupAAA,Pathogenic,Clinvar,,,classified by single submitter
FH,1127A>C,Pathogenic,Clinvar,,,classified by single submitter
FH,1255T>C,Likely pathogenic,Clinvar,,,classified by single submitter
FH,908T>C,Uncertain significance,Clinvar,,,classified by single submitter
FH,302G>C,Pathogenic,Clinvar,,,classified by single submitter
FH,1433_1434insAAA,Uncertain significance,Clinvar,,,classified by single submitter
SDHD,480A>G,not provided,Clinvar,,,not classified by submitter
SDHD,255G>T,not provided,Clinvar,,,not classified by submitter
SDHD,278A>G,not provided,Clinvar,,,not classified by submitter
SDHD,101T>G,not provided,Clinvar,,,not classified by submitter
SDHD,149A>G,not provided,Clinvar,,,not classified by submitter
SDHD,34G>A,not provided,Clinvar,,,not classified by submitter
SDHD,204C>T,Benign,Clinvar,,,classified by single submitter
SDHD,400T>G,Uncertain significance,Clinvar,,,classified by single submitter
SDHD,34G>A,Benign,Clinvar,,,classified by single submitter
SDHD,149A>G,Uncertain significance,Clinvar,,,classified by single submitter
SDHD,149A>G,Pathogenic,Clinvar,,,classified by single submitter
SDHD,149A>G,other,Clinvar,,,classified by single submitter
SDHD,149A>G,Pathogenic,Clinvar,,,classified by single submitter
SDHD,242C>T,Pathogenic,Clinvar,,,classified by single submitter
SDHD,416T>C,Pathogenic,Clinvar,,,classified by single submitter
SDHD,3G>C,Pathogenic,Clinvar,,,classified by single submitter
SDHD,284T>C,Pathogenic,Clinvar,,,classified by single submitter
SDHD,274G>T,Pathogenic,Clinvar,,,classified by single submitter
SDHD,242C>T,Pathogenic,Clinvar,,,classified by single submitter
SDHD,112C>T,Pathogenic,Clinvar,,,classified by single submitter
SDHD,433C>A,Pathogenic,Clinvar,,,classified by single submitter
SDHD,14G>A,Pathogenic,Clinvar,,,classified by single submitter
SDHD,33C>A,Pathogenic,Clinvar,,,classified by single submitter
SDHD,129G>A,Pathogenic,Clinvar,,,classified by single submitter
SDHD,1A>G,other,Clinvar,,,classified by single submitter
SDHD,149A>G,Pathogenic,Clinvar,,,classified by single submitter
SDHD,-1131_-1130delGA,Pathogenic,Clinvar,,,classified by single submitter
SDHD,416T>C,Pathogenic,Clinvar,,,classified by single submitter
SDHD,3G>C,Pathogenic,Clinvar,,,classified by single submitter
SDHD,277_279delTAT,Pathogenic,Clinvar,,,classified by single submitter
SDHD,191_192delTC,Pathogenic,Clinvar,,,classified by single submitter
SDHD,64C>T,Pathogenic,Clinvar,,,classified by single submitter
SDHD,95C>A,Pathogenic,Clinvar,,,classified by single submitter
SDHD,341A>G,Pathogenic,Clinvar,,,classified by single submitter
SDHD,305A>T,Pathogenic,Clinvar,,,classified by single submitter
SDHD,274G>T,Pathogenic,Clinvar,,,classified by single submitter
SDHD,274G>T,Pathogenic,Clinvar,,,classified by single submitter
SDHD,242C>T,other,Clinvar,,,classified by single submitter
SDHD,242C>T,Pathogenic,Clinvar,,,classified by single submitter
SDHD,34G>A,Pathogenic,Clinvar,,,classified by single submitter
SDHD,34G>A,Pathogenic,Clinvar,,,classified by single submitter
SDHD,34G>A,Pathogenic,Clinvar,,,classified by single submitter
SDHD,34G>A,Pathogenic,Clinvar,,,classified by single submitter
SDHD,112C>T,Pathogenic,Clinvar,,,classified by single submitter
SDHD,112C>T,Pathogenic,Clinvar,,,classified by single submitter
SDHD,106C>T,Pathogenic,Clinvar,,,classified by single submitter
SDHC,148C>T,not provided,Clinvar,,,not classified by submitter
SDHC,479G>A,not provided,Clinvar,,,not classified by submitter
SDHC,20+11_20+12dupTG,Likely benign,Clinvar,,,classified by single submitter
SDHC,43C>T,Pathogenic,Clinvar,,,classified by single submitter
SDHC,398G>A,Uncertain significance,Clinvar,,,classified by single submitter
SDHC,341A>T,Benign,Clinvar,,,classified by single submitter
SDHB,487T>C,not provided,Clinvar,,,not classified by submitter
SDHB,344G>A,not provided,Clinvar,,,not classified by submitter
SDHB,170A>G,not provided,Clinvar,,,not classified by submitter
SDHB,8C>G,not provided,Clinvar,,,not classified by submitter
SDHB,600G>A,Likely pathogenic,Clinvar,,,classified by single submitter
SDHB,575G>C,Likely pathogenic,Clinvar,,,classified by single submitter
SDHB,424-16_424-14dupTTC,Uncertain significance,Clinvar,,,classified by single submitter
SDHB,415C>T,Uncertain significance,Clinvar,,,classified by single submitter
SDHB,287-1G>C,Likely pathogenic,Clinvar,,,classified by single submitter
SDHB,268C>T,Pathogenic,Clinvar,,,classified by single submitter
SDHB,18C>A,Benign,Clinvar,,,classified by multiple submitters
SDHB,8C>G,Uncertain significance,Clinvar,,,classified by single submitter
SDHB,487T>C,Benign,Clinvar,,,classified by single submitter
SDHB,143A>T,Uncertain significance,Clinvar,,,classified by single submitter
SDHB,590C>G,Likely pathogenic,Clinvar,,,classified by single submitter
SDHB,487T>C,Likely benign,Clinvar,,,classified by single submitter
SDHB,268C>T,Pathogenic,Clinvar,,,classified by single submitter
SDHB,423+20T>A,Likely pathogenic,Clinvar,,,classified by single submitter
SDHB,32G>A,Likely pathogenic,Clinvar,,,classified by single submitter
SDHB,423+1G>A,Pathogenic,Clinvar,,,classified by single submitter
SDHB,725G>A,Pathogenic,Clinvar,,,classified by single submitter
SDHB,418G>T,Pathogenic,Clinvar,,,classified by single submitter
SDHB,487T>C,Pathogenic,Clinvar,,,classified by single submitter
SDHB,8C>G,Pathogenic,Clinvar,,,classified by single submitter
SDHB,299C>T,Pathogenic,Clinvar,,,classified by single submitter
SDHB,395A>C,Pathogenic,Clinvar,,,classified by single submitter
SDHB,302G>A,Pathogenic,Clinvar,,,classified by single submitter
SDHB,136C>G,Pathogenic,Clinvar,,,classified by single submitter
SDHB,79C>T,Pathogenic,Clinvar,,,classified by single submitter
SDHB,79C>T,Pathogenic,Clinvar,,,classified by single submitter
SDHB,725G>A,Pathogenic,Clinvar,,,classified by single submitter
SDHB,725G>A,Pathogenic,Clinvar,,,classified by single submitter
SDHB,590C>G,Pathogenic,Clinvar,,,classified by single submitter
SDHB,268C>T,Pathogenic,Clinvar,,,classified by single submitter
SDHB,111_112dupCC,Pathogenic,Clinvar,,,classified by single submitter
SDHB,638T>C,Uncertain significance,Clinvar,,,classified by single submitter
SDHB,403G>A,Uncertain significance,Clinvar,,,classified by single submitter
SDHB,424-19_424-14dupTTCTTC,Benign,Clinvar,,,classified by single submitter
SDHA,891T>C,Benign,Clinvar,,,classified by single submitter
SDHA,684T>C,Benign,Clinvar,,,classified by single submitter
SDHA,619A>C,Benign,Clinvar,,,classified by single submitter
SDHA,309A>G,Benign,Clinvar,,,classified by single submitter
SDHA,1969G>A,Benign,Clinvar,,,classified by single submitter
SDHA,1932G>A,Benign,Clinvar,,,classified by single submitter
SDHA,1752A>G,Benign,Clinvar,,,classified by single submitter
SDHA,1680G>A,Benign,Clinvar,,,classified by single submitter
SDHA,1664-8G>A,Benign,Clinvar,,,classified by single submitter
SDHA,1170C>T,Benign,Clinvar,,,classified by single submitter
SDHA,1038C>G,Benign,Clinvar,,,classified by single submitter
SDHA,1526C>T,Pathogenic,Clinvar,,,classified by single submitter
SDHA,1523C>T,Pathogenic,Clinvar,,,classified by single submitter
SDHA,1765C>T,Pathogenic,Clinvar,,,classified by single submitter
SDHA,1664G>A,Pathogenic,Clinvar,,,classified by single submitter
SDHA,1664G>A,Pathogenic,Clinvar,,,classified by single submitter
SDHA,1664G>A,Pathogenic,Clinvar,,,classified by single submitter
SDHA,1A>C,Pathogenic,Clinvar,,,classified by single submitter
SDHA,1571C>T,Pathogenic,Clinvar,,,classified by single submitter
SDHA,1660C>T,Pathogenic,Clinvar,,,classified by single submitter
RAD51D,556C>T,risk factor,Clinvar,,,classified by single submitter
RAD51D,757C>T,risk factor,Clinvar,,,classified by single submitter
RAD51D,973G>A,Uncertain significance,Clinvar,,,classified by single submitter
RAD51D,932T>C,Uncertain significance,Clinvar,,,classified by single submitter
RAD51D,932T>A,Uncertain significance,Clinvar,,,classified by single submitter
RAD51D,919G>A,Uncertain significance,Clinvar,,,classified by single submitter
RAD51D,748delC,Pathogenic,Clinvar,,,classified by single submitter
RAD51D,694C>T,Pathogenic,Clinvar,,,classified by single submitter
RAD51D,568G>A,Uncertain significance,Clinvar,,,classified by single submitter
RAD51D,493C>T,Uncertain significance,Clinvar,,,classified by single submitter
RAD51D,493C>G,Uncertain significance,Clinvar,,,classified by single submitter
RAD51D,413A>G,Uncertain significance,Clinvar,,,classified by single submitter
RAD51D,412A>C,Uncertain significance,Clinvar,,,classified by single submitter
RAD51D,329G>A,Uncertain significance,Clinvar,,,classified by single submitter
RAD51D,26G>C,Uncertain significance,Clinvar,,,classified by single submitter
RAD51D,208G>A,Uncertain significance,Clinvar,,,classified by single submitter
RAD51D,1A>G,Pathogenic,Clinvar,,,classified by single submitter
RAD51D,146C>T,Uncertain significance,Clinvar,,,classified by single submitter
RAD51D,137C>G,Uncertain significance,Clinvar,,,classified by single submitter
